EMAIL;FIRST_NAME;LAST_NAME;AGE;FULL NAME;ADDRESS
email1;name1;last1;age1;full1;address1
email2;name2;last2;age2;full2;address2
email3;name3;last3;age3;full3;address3
email4;name4;last4;age4;full4;address4
email5;name5;last5;age5;full5;address5
email6;name6;last6;age6;full6;address6
email7;name7;last7;age7;full7;address7
email8;name8;last8;age8;full8;address8
email9;name9;last9;age9;full9;address9
email10;name10;last10;age10;full10;address10
email11;name11;last11;age11;full11;address11
email12;name12;last12;age12;full12;address12
email13;name13;last13;age13;full13;address13
email14;name14;last14;age14;full14;address14
email15;name15;last15;age15;full15;address15
email16;name16;last16;age16;full16;address16
email17;name17;last17;age17;full17;address17
email18;name18;last18;age18;full18;address18
email19;name19;last19;age19;full19;address19
email20;name20;last20;age20;full20;address20
email21;name21;last21;age21;full21;address21
